SIGLA UF,NOME MUNICÍPIO,DEPENDÊNCIA ADMINISTRATIVA,CARGO OU FUNÇÃO DO CURSISTA,FORMAÇÃO,SITUAÇÃO ATUAL
AC,JORDÃO,MUNICIPAL,TÉCNICO DA SECRETARIA DE EDUCAÇÃO,SUPERIOR COMPLETO PEDAGOGIA,
AC,JORDÃO,MUNICIPAL,TÉCNICO DA SECRETARIA DE EDUCAÇÃO,SUPERIOR COMPLETO PEDAGOGIA,
AC,PLÁCIDO DE CASTRO,MUNICIPAL,TÉCNICO DA SECRETARIA DE EDUCAÇÃO,ESPECIALIZAÇÃO,
AC,PLÁCIDO DE CASTRO,MUNICIPAL,DIRETOR(A),ESPECIALIZAÇÃO,
AM,ALVARÃES,MUNICIPAL,TÉCNICO DA SECRETARIA DE EDUCAÇÃO,SUPERIOR COMPLETO LICENCIATURA,
AM,ALVARÃES,MUNICIPAL,TÉCNICO DA SECRETARIA DE EDUCAÇÃO,MESTRADO,
AM,ALVARÃES,MUNICIPAL,DIRETOR(A),SUPERIOR INCOMPLETO,
AM,ALVARÃES,MUNICIPAL,DIRETOR(A),SUPERIOR COMPLETO LICENCIATURA,
AM,ALVARÃES,MUNICIPAL,DIRETOR(A),SUPERIOR COMPLETO PEDAGOGIA,
AM,ALVARÃES,MUNICIPAL,TÉCNICO DA SECRETARIA DE EDUCAÇÃO,SUPERIOR COMPLETO PEDAGOGIA,
AM,ALVARÃES,MUNICIPAL,TÉCNICO DA SECRETARIA DE EDUCAÇÃO,SUPERIOR COMPLETO (OUTRO),
AM,ALVARÃES,MUNICIPAL,DIRETOR(A),SUPERIOR COMPLETO LICENCIATURA,
AM,ENVIRA,MUNICIPAL,DIRETOR(A),ESPECIALIZAÇÃO,
AM,ENVIRA,MUNICIPAL,TÉCNICO DA SECRETARIA DE EDUCAÇÃO,ESPECIALIZAÇÃO,
AM,ENVIRA,MUNICIPAL,TÉCNICO DA SECRETARIA DE EDUCAÇÃO,MÉDIO COMPLETO,
AM,ENVIRA,MUNICIPAL,DIRETOR(A),ESPECIALIZAÇÃO,
AM,ENVIRA,MUNICIPAL,DIRETOR(A),ESPECIALIZAÇÃO,
AM,MANAQUIRI,MUNICIPAL,TÉCNICO DA SECRETARIA DE EDUCAÇÃO,SUPERIOR COMPLETO LICENCIATURA,
AM,MANAQUIRI,MUNICIPAL,TÉCNICO DA SECRETARIA DE EDUCAÇÃO,SUPERIOR COMPLETO LICENCIATURA,
AM,MANAQUIRI,MUNICIPAL,TÉCNICO DA SECRETARIA DE EDUCAÇÃO,SUPERIOR COMPLETO LICENCIATURA,
AM,MANAQUIRI,MUNICIPAL,TÉCNICO DA SECRETARIA DE EDUCAÇÃO,SUPERIOR COMPLETO LICENCIATURA,
CE,ARARIPE,MUNICIPAL,TÉCNICO DA SECRETARIA DE EDUCAÇÃO,ESPECIALIZAÇÃO,
CE,ARARIPE,MUNICIPAL,DIRETOR(A),ESPECIALIZAÇÃO,
CE,CARIRIAÇU,MUNICIPAL,TÉCNICO DA SECRETARIA DE EDUCAÇÃO,SUPERIOR COMPLETO (OUTRO),
CE,CARIRIAÇU,MUNICIPAL,DIRETOR(A),ESPECIALIZAÇÃO,
CE,CROATÁ,MUNICIPAL,TÉCNICO DA SECRETARIA DE EDUCAÇÃO,ESPECIALIZAÇÃO,
CE,GUAIÚBA,MUNICIPAL,DIRETOR(A),ESPECIALIZAÇÃO,
CE,GUAIÚBA,MUNICIPAL,DIRETOR(A),ESPECIALIZAÇÃO,
CE,IRAUÇUBA,MUNICIPAL,DIRETOR(A),ESPECIALIZAÇÃO,
CE,IRAUÇUBA,MUNICIPAL,TÉCNICO DA SECRETARIA DE EDUCAÇÃO,ESPECIALIZAÇÃO,
CE,JUCÁS,MUNICIPAL,TÉCNICO DA SECRETARIA DE EDUCAÇÃO,SUPERIOR COMPLETO LICENCIATURA,
CE,JUCÁS,MUNICIPAL,DIRETOR(A),ESPECIALIZAÇÃO,
CE,PINDORETAMA,MUNICIPAL,TÉCNICO DA SECRETARIA DE EDUCAÇÃO,ESPECIALIZAÇÃO,
CE,PINDORETAMA,MUNICIPAL,DIRETOR(A),ESPECIALIZAÇÃO,
CE,QUITERIANÓPOLIS,MUNICIPAL,TÉCNICO DA SECRETARIA DE EDUCAÇÃO,MESTRADO,
CE,QUITERIANÓPOLIS,MUNICIPAL,DIRETOR(A),ESPECIALIZAÇÃO,
CE,TAMBORIL,MUNICIPAL,DIRETOR(A),ESPECIALIZAÇÃO,
CE,TAMBORIL,MUNICIPAL,TÉCNICO DA SECRETARIA DE EDUCAÇÃO,ESPECIALIZAÇÃO,
CE,TEJUÇUOCA,MUNICIPAL,DIRETOR(A),SUPERIOR COMPLETO PEDAGOGIA,
CE,TEJUÇUOCA,MUNICIPAL,TÉCNICO DA SECRETARIA DE EDUCAÇÃO,ESPECIALIZAÇÃO,
CE,URUBURETAMA,MUNICIPAL,DIRETOR(A),ESPECIALIZAÇÃO,
CE,URUBURETAMA,MUNICIPAL,TÉCNICO DA SECRETARIA DE EDUCAÇÃO,ESPECIALIZAÇÃO,
AL,BARRA DE SANTO ANTÔNIO,MUNICIPAL,TÉCNICO DA SECRETARIA DE EDUCAÇÃO,ESPECIALIZAÇÃO,
AL,BARRA DE SANTO ANTÔNIO,MUNICIPAL,DIRETOR(A),ESPECIALIZAÇÃO,
AL,CACIMBINHAS,MUNICIPAL,DIRETOR(A),SUPERIOR COMPLETO PEDAGOGIA,
AL,CACIMBINHAS,MUNICIPAL,TÉCNICO DA SECRETARIA DE EDUCAÇÃO,SUPERIOR COMPLETO PEDAGOGIA,
AL,CACIMBINHAS,MUNICIPAL,TÉCNICO DA SECRETARIA DE EDUCAÇÃO,SUPERIOR COMPLETO PEDAGOGIA,
AL,CACIMBINHAS,MUNICIPAL,DIRETOR(A),SUPERIOR COMPLETO PEDAGOGIA,
AL,CACIMBINHAS,MUNICIPAL,DIRETOR(A),ESPECIALIZAÇÃO,
AL,CACIMBINHAS,MUNICIPAL,DIRETOR(A),ESPECIALIZAÇÃO,
AL,CACIMBINHAS,MUNICIPAL,DIRETOR(A),ESPECIALIZAÇÃO,
AL,CAJUEIRO,MUNICIPAL,TÉCNICO DA SECRETARIA DE EDUCAÇÃO,MESTRADO,
AL,CAJUEIRO,MUNICIPAL,TÉCNICO DA SECRETARIA DE EDUCAÇÃO,SUPERIOR COMPLETO (OUTRO),
AL,MARAVILHA,MUNICIPAL,TÉCNICO DA SECRETARIA DE EDUCAÇÃO,SUPERIOR COMPLETO PEDAGOGIA,
AL,MARAVILHA,MUNICIPAL,DIRETOR(A),ESPECIALIZAÇÃO,
AL,MAR VERMELHO,MUNICIPAL,TÉCNICO DA SECRETARIA DE EDUCAÇÃO,SUPERIOR COMPLETO LICENCIATURA,
AL,MAR VERMELHO,MUNICIPAL,DIRETOR(A),ESPECIALIZAÇÃO,
AL,MAR VERMELHO,MUNICIPAL,DIRETOR(A),ESPECIALIZAÇÃO,
AL,MAR VERMELHO,MUNICIPAL,TÉCNICO DA SECRETARIA DE EDUCAÇÃO,SUPERIOR COMPLETO LICENCIATURA,
AL,MAR VERMELHO,MUNICIPAL,TÉCNICO DA SECRETARIA DE EDUCAÇÃO,SUPERIOR COMPLETO LICENCIATURA,
AL,PIAÇABUÇU,MUNICIPAL,DIRETOR(A),ESPECIALIZAÇÃO,
AL,PIAÇABUÇU,MUNICIPAL,TÉCNICO DA SECRETARIA DE EDUCAÇÃO,ESPECIALIZAÇÃO,
AL,PORTO REAL DO COLÉGIO,MUNICIPAL,DIRETOR(A),SUPERIOR COMPLETO PEDAGOGIA,
AL,PORTO REAL DO COLÉGIO,MUNICIPAL,TÉCNICO DA SECRETARIA DE EDUCAÇÃO,ESPECIALIZAÇÃO,
BA,BARRA DO CHOÇA,MUNICIPAL,DIRETOR(A),ESPECIALIZAÇÃO,
BA,BARRA DO CHOÇA,MUNICIPAL,DIRETOR(A),ESPECIALIZAÇÃO,
BA,CONCEIÇÃO DO JACUÍPE,MUNICIPAL,DIRETOR(A),ESPECIALIZAÇÃO,
BA,CONCEIÇÃO DO JACUÍPE,MUNICIPAL,TÉCNICO DA SECRETARIA DE EDUCAÇÃO,MÉDIO COMPLETO,
BA,CURAÇÁ,MUNICIPAL,TÉCNICO DA SECRETARIA DE EDUCAÇÃO,ESPECIALIZAÇÃO,
BA,CURAÇÁ,MUNICIPAL,DIRETOR(A),ESPECIALIZAÇÃO,
BA,INHAMBUPE,MUNICIPAL,TÉCNICO DA SECRETARIA DE EDUCAÇÃO,SUPERIOR COMPLETO LICENCIATURA,
BA,INHAMBUPE,MUNICIPAL,TÉCNICO DA SECRETARIA DE EDUCAÇÃO,SUPERIOR COMPLETO PEDAGOGIA,
BA,MACAÚBAS,MUNICIPAL,TÉCNICO DA SECRETARIA DE EDUCAÇÃO,SUPERIOR COMPLETO PEDAGOGIA,
BA,MACAÚBAS,MUNICIPAL,DIRETOR(A),SUPERIOR COMPLETO PEDAGOGIA,
BA,PILÃO ARCADO,MUNICIPAL,TÉCNICO DA SECRETARIA DE EDUCAÇÃO,ESPECIALIZAÇÃO,
BA,PILÃO ARCADO,MUNICIPAL,DIRETOR(A),SUPERIOR COMPLETO LICENCIATURA,
BA,POJUCA,MUNICIPAL,TÉCNICO DA SECRETARIA DE EDUCAÇÃO,SUPERIOR COMPLETO PEDAGOGIA,
BA,POJUCA,MUNICIPAL,DIRETOR(A),SUPERIOR COMPLETO PEDAGOGIA,
BA,RIO REAL,MUNICIPAL,TÉCNICO DA SECRETARIA DE EDUCAÇÃO,ESPECIALIZAÇÃO,
BA,RIO REAL,MUNICIPAL,DIRETOR(A),SUPERIOR COMPLETO PEDAGOGIA,
BA,SÃO SEBASTIÃO DO PASSÉ,MUNICIPAL,TÉCNICO DA SECRETARIA DE EDUCAÇÃO,SUPERIOR COMPLETO PEDAGOGIA,
BA,SÃO SEBASTIÃO DO PASSÉ,MUNICIPAL,DIRETOR(A),SUPERIOR COMPLETO LICENCIATURA,
BA,VERA CRUZ,MUNICIPAL,DIRETOR(A),SUPERIOR COMPLETO LICENCIATURA,
BA,VERA CRUZ,MUNICIPAL,TÉCNICO DA SECRETARIA DE EDUCAÇÃO,MESTRADO,
ES,JOÃO NEIVA,MUNICIPAL,TÉCNICO DA SECRETARIA DE EDUCAÇÃO,ESPECIALIZAÇÃO,
ES,JOÃO NEIVA,MUNICIPAL,DIRETOR(A),ESPECIALIZAÇÃO,
ES,PANCAS,MUNICIPAL,DIRETOR(A),ESPECIALIZAÇÃO,
ES,PANCAS,MUNICIPAL,DIRETOR(A),ESPECIALIZAÇÃO,
ES,PANCAS,MUNICIPAL,DIRETOR(A),ESPECIALIZAÇÃO,
ES,PANCAS,MUNICIPAL,DIRETOR(A),ESPECIALIZAÇÃO,
ES,PANCAS,MUNICIPAL,DIRETOR(A),ESPECIALIZAÇÃO,
ES,PANCAS,MUNICIPAL,DIRETOR(A),ESPECIALIZAÇÃO,
ES,PANCAS,MUNICIPAL,DIRETOR(A),ESPECIALIZAÇÃO,
ES,PANCAS,MUNICIPAL,DIRETOR(A),ESPECIALIZAÇÃO,
ES,PANCAS,MUNICIPAL,DIRETOR(A),ESPECIALIZAÇÃO,
ES,PANCAS,MUNICIPAL,DIRETOR(A),ESPECIALIZAÇÃO,
ES,VARGEM ALTA,MUNICIPAL,DIRETOR(A),ESPECIALIZAÇÃO,
ES,VARGEM ALTA,MUNICIPAL,DIRETOR(A),ESPECIALIZAÇÃO,
ES,VARGEM ALTA,MUNICIPAL,TÉCNICO DA SECRETARIA DE EDUCAÇÃO,ESPECIALIZAÇÃO,
ES,VARGEM ALTA,MUNICIPAL,TÉCNICO DA SECRETARIA DE EDUCAÇÃO,ESPECIALIZAÇÃO,
ES,VARGEM ALTA,MUNICIPAL,DIRETOR(A),ESPECIALIZAÇÃO,
ES,VARGEM ALTA,MUNICIPAL,TÉCNICO DA SECRETARIA DE EDUCAÇÃO,ESPECIALIZAÇÃO,
ES,VARGEM ALTA,MUNICIPAL,DIRETOR(A),ESPECIALIZAÇÃO,
ES,VILA VALÉRIO,MUNICIPAL,DIRETOR(A),SUPERIOR COMPLETO LICENCIATURA,
ES,VILA VALÉRIO,MUNICIPAL,TÉCNICO DA SECRETARIA DE EDUCAÇÃO,SUPERIOR COMPLETO PEDAGOGIA,
SC,PENHA,MUNICIPAL,DIRETOR(A),ESPECIALIZAÇÃO,
SC,PENHA,MUNICIPAL,TÉCNICO DA SECRETARIA DE EDUCAÇÃO,ESPECIALIZAÇÃO,
SP,SANTA BÁRBARA D'OESTE,MUNICIPAL,TÉCNICO DA SECRETARIA DE EDUCAÇÃO,SUPERIOR COMPLETO PEDAGOGIA,
SP,SANTA BÁRBARA D'OESTE,MUNICIPAL,DIRETOR(A),SUPERIOR COMPLETO PEDAGOGIA,
TO,MIRANORTE,MUNICIPAL,DIRETOR(A),SUPERIOR COMPLETO PEDAGOGIA,
TO,MIRANORTE,MUNICIPAL,TÉCNICO DA SECRETARIA DE EDUCAÇÃO,MÉDIO COMPLETO,
MA,HUMBERTO DE CAMPOS,MUNICIPAL,DIRETOR(A),ESPECIALIZAÇÃO,
GO,ALTO PARAÍSO DE GOIÁS,MUNICIPAL,DIRETOR(A),SUPERIOR COMPLETO LICENCIATURA,
GO,ALTO PARAÍSO DE GOIÁS,MUNICIPAL,TÉCNICO DA SECRETARIA DE EDUCAÇÃO,SUPERIOR COMPLETO LICENCIATURA,
GO,CORUMBAÍBA,MUNICIPAL,TÉCNICO DA SECRETARIA DE EDUCAÇÃO,ESPECIALIZAÇÃO,
GO,CEZARINA,MUNICIPAL,TÉCNICO DA SECRETARIA DE EDUCAÇÃO,ESPECIALIZAÇÃO,
GO,SANCLERLÂNDIA,MUNICIPAL,DIRETOR(A),ESPECIALIZAÇÃO,
GO,SANCLERLÂNDIA,MUNICIPAL,TÉCNICO DA SECRETARIA DE EDUCAÇÃO,ESPECIALIZAÇÃO,
GO,CORUMBÁ DE GOIÁS,MUNICIPAL,DIRETOR(A),ESPECIALIZAÇÃO,
GO,CORUMBÁ DE GOIÁS,MUNICIPAL,TÉCNICO DA SECRETARIA DE EDUCAÇÃO,ESPECIALIZAÇÃO,
GO,MONTE ALEGRE DE GOIÁS,MUNICIPAL,TÉCNICO DA SECRETARIA DE EDUCAÇÃO,ESPECIALIZAÇÃO,
GO,MONTE ALEGRE DE GOIÁS,MUNICIPAL,DIRETOR(A),SUPERIOR COMPLETO LICENCIATURA,
GO,MONTE ALEGRE DE GOIÁS,MUNICIPAL,DIRETOR(A),ESPECIALIZAÇÃO,
GO,TEREZÓPOLIS DE GOIÁS,MUNICIPAL,TÉCNICO DA SECRETARIA DE EDUCAÇÃO,ESPECIALIZAÇÃO,
GO,TEREZÓPOLIS DE GOIÁS,MUNICIPAL,DIRETOR(A),ESPECIALIZAÇÃO,
GO,INACIOLÂNDIA,MUNICIPAL,TÉCNICO DA SECRETARIA DE EDUCAÇÃO,ESPECIALIZAÇÃO,
GO,INACIOLÂNDIA,MUNICIPAL,DIRETOR(A),ESPECIALIZAÇÃO,
GO,SIMOLÂNDIA,MUNICIPAL,TÉCNICO DA SECRETARIA DE EDUCAÇÃO,ESPECIALIZAÇÃO,
GO,VILA BOA,MUNICIPAL,DIRETOR(A),ESPECIALIZAÇÃO,
GO,VILA BOA,MUNICIPAL,DIRETOR(A),ESPECIALIZAÇÃO,
GO,VILA BOA,MUNICIPAL,TÉCNICO DA SECRETARIA DE EDUCAÇÃO,ESPECIALIZAÇÃO,
MA,SÃO JOÃO DOS PATOS,MUNICIPAL,DIRETOR(A),SUPERIOR COMPLETO LICENCIATURA,
MA,SÃO JOÃO DOS PATOS,MUNICIPAL,DIRETOR(A),SUPERIOR COMPLETO LICENCIATURA,
MA,JENIPAPO DOS VIEIRAS,MUNICIPAL,TÉCNICO DA SECRETARIA DE EDUCAÇÃO,ESPECIALIZAÇÃO,
MA,JENIPAPO DOS VIEIRAS,MUNICIPAL,TÉCNICO DA SECRETARIA DE EDUCAÇÃO,SUPERIOR COMPLETO LICENCIATURA,
MA,PAULO RAMOS,MUNICIPAL,DIRETOR(A),ESPECIALIZAÇÃO,
MA,PAULO RAMOS,MUNICIPAL,TÉCNICO DA SECRETARIA DE EDUCAÇÃO,SUPERIOR COMPLETO PEDAGOGIA,
MA,ITINGA DO MARANHÃO,MUNICIPAL,TÉCNICO DA SECRETARIA DE EDUCAÇÃO,ESPECIALIZAÇÃO,
MA,ITINGA DO MARANHÃO,MUNICIPAL,DIRETOR(A),ESPECIALIZAÇÃO,
MA,CANTANHEDE,MUNICIPAL,TÉCNICO DA SECRETARIA DE EDUCAÇÃO,SUPERIOR COMPLETO PEDAGOGIA,
MA,CANTANHEDE,MUNICIPAL,DIRETOR(A),ESPECIALIZAÇÃO,
MA,BURITI BRAVO,MUNICIPAL,TÉCNICO DA SECRETARIA DE EDUCAÇÃO,SUPERIOR COMPLETO LICENCIATURA,
MA,BACURI,MUNICIPAL,DIRETOR(A),ESPECIALIZAÇÃO,
MA,BACURI,MUNICIPAL,TÉCNICO DA SECRETARIA DE EDUCAÇÃO,ESPECIALIZAÇÃO,
MA,ANAJATUBA,MUNICIPAL,TÉCNICO DA SECRETARIA DE EDUCAÇÃO,MESTRADO,
MA,ANAJATUBA,MUNICIPAL,DIRETOR(A),SUPERIOR COMPLETO PEDAGOGIA,
MA,TRIZIDELA DO VALE,MUNICIPAL,DIRETOR(A),SUPERIOR COMPLETO LICENCIATURA,
MA,MAGALHÃES DE ALMEIDA,MUNICIPAL,DIRETOR(A),SUPERIOR COMPLETO PEDAGOGIA,
MA,MAGALHÃES DE ALMEIDA,MUNICIPAL,DIRETOR(A),SUPERIOR COMPLETO PEDAGOGIA,
MA,BELA VISTA DO MARANHÃO,MUNICIPAL,DIRETOR(A),ESPECIALIZAÇÃO,
MA,BELA VISTA DO MARANHÃO,MUNICIPAL,TÉCNICO DA SECRETARIA DE EDUCAÇÃO,SUPERIOR COMPLETO (OUTRO),
MG,ALÉM PARAÍBA,MUNICIPAL,TÉCNICO DA SECRETARIA DE EDUCAÇÃO,SUPERIOR COMPLETO (OUTRO),
MG,ALÉM PARAÍBA,MUNICIPAL,DIRETOR(A),SUPERIOR COMPLETO (OUTRO),
MG,CARANGOLA,MUNICIPAL,DIRETOR(A),ESPECIALIZAÇÃO,
MG,CARANGOLA,MUNICIPAL,DIRETOR(A),ESPECIALIZAÇÃO,
MG,NOVO CRUZEIRO,MUNICIPAL,DIRETOR(A),SUPERIOR COMPLETO LICENCIATURA,
MG,NOVO CRUZEIRO,MUNICIPAL,DIRETOR(A),SUPERIOR COMPLETO LICENCIATURA,
MG,SÃO JOSÉ DA LAPA,MUNICIPAL,TÉCNICO DA SECRETARIA DE EDUCAÇÃO,ESPECIALIZAÇÃO,
MG,SÃO JOSÉ DA LAPA,MUNICIPAL,DIRETOR(A),ESPECIALIZAÇÃO,
MG,SANTA BÁRBARA,MUNICIPAL,TÉCNICO DA SECRETARIA DE EDUCAÇÃO,SUPERIOR COMPLETO (OUTRO),
MG,SANTA BÁRBARA,MUNICIPAL,DIRETOR(A),SUPERIOR COMPLETO LICENCIATURA,
MG,CORAÇÃO DE JESUS,MUNICIPAL,DIRETOR(A),SUPERIOR COMPLETO LICENCIATURA,
MG,CORAÇÃO DE JESUS,MUNICIPAL,TÉCNICO DA SECRETARIA DE EDUCAÇÃO,SUPERIOR COMPLETO LICENCIATURA,
MG,BURITIS,MUNICIPAL,TÉCNICO DA SECRETARIA DE EDUCAÇÃO,ESPECIALIZAÇÃO,
MG,BURITIS,MUNICIPAL,DIRETOR(A),ESPECIALIZAÇÃO,
MG,RIO PARDO DE MINAS,MUNICIPAL,DIRETOR(A),SUPERIOR COMPLETO PEDAGOGIA,
MG,RIO PARDO DE MINAS,MUNICIPAL,DIRETOR(A),SUPERIOR COMPLETO (OUTRO),
MG,MATIPÓ,MUNICIPAL,DIRETOR(A),SUPERIOR COMPLETO LICENCIATURA,
MG,MATIPÓ,MUNICIPAL,TÉCNICO DA SECRETARIA DE EDUCAÇÃO,SUPERIOR COMPLETO (OUTRO),
MG,PEDRA AZUL,MUNICIPAL,DIRETOR(A),ESPECIALIZAÇÃO,
MG,PEDRA AZUL,MUNICIPAL,DIRETOR(A),ESPECIALIZAÇÃO,
MS,ITAPORÃ,MUNICIPAL,DIRETOR(A),ESPECIALIZAÇÃO,
MS,ITAPORÃ,MUNICIPAL,DIRETOR(A),ESPECIALIZAÇÃO,
MS,ITAPORÃ,MUNICIPAL,DIRETOR(A),ESPECIALIZAÇÃO,
MS,ITAPORÃ,MUNICIPAL,DIRETOR(A),ESPECIALIZAÇÃO,
MS,ITAPORÃ,MUNICIPAL,DIRETOR(A),MESTRADO,
MS,ITAPORÃ,MUNICIPAL,DIRETOR(A),ESPECIALIZAÇÃO,
MS,ITAPORÃ,MUNICIPAL,TÉCNICO DA SECRETARIA DE EDUCAÇÃO,ESPECIALIZAÇÃO,
MS,ITAPORÃ,MUNICIPAL,TÉCNICO DA SECRETARIA DE EDUCAÇÃO,MESTRADO,
MS,ITAPORÃ,MUNICIPAL,TÉCNICO DA SECRETARIA DE EDUCAÇÃO,ESPECIALIZAÇÃO,
MS,ITAPORÃ,MUNICIPAL,TÉCNICO DA SECRETARIA DE EDUCAÇÃO,ESPECIALIZAÇÃO,
MS,ITAPORÃ,MUNICIPAL,TÉCNICO DA SECRETARIA DE EDUCAÇÃO,ESPECIALIZAÇÃO,
MS,ITAPORÃ,MUNICIPAL,TÉCNICO DA SECRETARIA DE EDUCAÇÃO,ESPECIALIZAÇÃO,
MS,ITAPORÃ,MUNICIPAL,TÉCNICO DA SECRETARIA DE EDUCAÇÃO,ESPECIALIZAÇÃO,
MS,ITAPORÃ,MUNICIPAL,TÉCNICO DA SECRETARIA DE EDUCAÇÃO,ESPECIALIZAÇÃO,
MS,ITAPORÃ,MUNICIPAL,TÉCNICO DA SECRETARIA DE EDUCAÇÃO,ESPECIALIZAÇÃO,
MS,ITAPORÃ,MUNICIPAL,TÉCNICO DA SECRETARIA DE EDUCAÇÃO,ESPECIALIZAÇÃO,
MT,JURUENA,MUNICIPAL,DIRETOR(A),ESPECIALIZAÇÃO,
MT,JURUENA,MUNICIPAL,DIRETOR(A),ESPECIALIZAÇÃO,
MT,NOVA MONTE VERDE,MUNICIPAL,DIRETOR(A),ESPECIALIZAÇÃO,
MT,NOVA MONTE VERDE,MUNICIPAL,DIRETOR(A),SUPERIOR COMPLETO PEDAGOGIA,
MT,BOM JESUS DO ARAGUAIA,MUNICIPAL,TÉCNICO DA SECRETARIA DE EDUCAÇÃO,ESPECIALIZAÇÃO,
MT,BOM JESUS DO ARAGUAIA,MUNICIPAL,DIRETOR(A),ESPECIALIZAÇÃO,
MT,SÃO JOSÉ DO XINGU,MUNICIPAL,TÉCNICO DA SECRETARIA DE EDUCAÇÃO,MÉDIO COMPLETO,
MT,SÃO JOSÉ DO XINGU,MUNICIPAL,DIRETOR(A),SUPERIOR COMPLETO LICENCIATURA,
MT,JAURU,MUNICIPAL,DIRETOR(A),ESPECIALIZAÇÃO,
MT,JAURU,MUNICIPAL,DIRETOR(A),ESPECIALIZAÇÃO,
MT,ITANHANGÁ,MUNICIPAL,DIRETOR(A),ESPECIALIZAÇÃO,
MT,ITANHANGÁ,MUNICIPAL,TÉCNICO DA SECRETARIA DE EDUCAÇÃO,SUPERIOR COMPLETO LICENCIATURA,
MT,NOVO SÃO JOAQUIM,MUNICIPAL,TÉCNICO DA SECRETARIA DE EDUCAÇÃO,ESPECIALIZAÇÃO,
MT,NOVO SÃO JOAQUIM,MUNICIPAL,DIRETOR(A),ESPECIALIZAÇÃO,
MT,ALTO PARAGUAI,MUNICIPAL,TÉCNICO DA SECRETARIA DE EDUCAÇÃO,SUPERIOR INCOMPLETO,
MT,ALTO PARAGUAI,MUNICIPAL,DIRETOR(A),SUPERIOR COMPLETO PEDAGOGIA,
MT,GENERAL CARNEIRO,MUNICIPAL,DIRETOR(A),MESTRADO,
MT,GENERAL CARNEIRO,MUNICIPAL,DIRETOR(A),ESPECIALIZAÇÃO,
MT,NOVA MARINGÁ,MUNICIPAL,DIRETOR(A),ESPECIALIZAÇÃO,
MT,NOVO MUNDO,MUNICIPAL,DIRETOR(A),ESPECIALIZAÇÃO,
MT,NOVO MUNDO,MUNICIPAL,DIRETOR(A),SUPERIOR COMPLETO LICENCIATURA,
PA,MUANÁ,MUNICIPAL,DIRETOR(A),SUPERIOR COMPLETO PEDAGOGIA,
PA,MUANÁ,MUNICIPAL,DIRETOR(A),SUPERIOR COMPLETO PEDAGOGIA,
PA,DOM ELISEU,MUNICIPAL,TÉCNICO DA SECRETARIA DE EDUCAÇÃO,MESTRADO,
PA,NOVO PROGRESSO,MUNICIPAL,DIRETOR(A),ESPECIALIZAÇÃO,
PA,NOVO PROGRESSO,MUNICIPAL,DIRETOR(A),ESPECIALIZAÇÃO,
PA,OURILÂNDIA DO NORTE,MUNICIPAL,TÉCNICO DA SECRETARIA DE EDUCAÇÃO,ESPECIALIZAÇÃO,
PA,OURILÂNDIA DO NORTE,MUNICIPAL,DIRETOR(A),ESPECIALIZAÇÃO,
PA,IGARAPÉ-AÇU,MUNICIPAL,TÉCNICO DA SECRETARIA DE EDUCAÇÃO,SUPERIOR COMPLETO PEDAGOGIA,
PA,IGARAPÉ-AÇU,MUNICIPAL,DIRETOR(A),ESPECIALIZAÇÃO,
PA,ANAPU,MUNICIPAL,TÉCNICO DA SECRETARIA DE EDUCAÇÃO,ESPECIALIZAÇÃO,
PA,ANAPU,MUNICIPAL,DIRETOR(A),ESPECIALIZAÇÃO,
PA,BUJARU,MUNICIPAL,DIRETOR(A),SUPERIOR COMPLETO LICENCIATURA,
PA,BUJARU,MUNICIPAL,DIRETOR(A),SUPERIOR COMPLETO LICENCIATURA,
PA,LIMOEIRO DO AJURU,MUNICIPAL,DIRETOR(A),ESPECIALIZAÇÃO,
PA,LIMOEIRO DO AJURU,MUNICIPAL,TÉCNICO DA SECRETARIA DE EDUCAÇÃO,ESPECIALIZAÇÃO,
PA,ELDORADO DO CARAJÁS,MUNICIPAL,DIRETOR(A),ESPECIALIZAÇÃO,
PA,ELDORADO DO CARAJÁS,MUNICIPAL,TÉCNICO DA SECRETARIA DE EDUCAÇÃO,ESPECIALIZAÇÃO,
PA,IRITUIA,MUNICIPAL,TÉCNICO DA SECRETARIA DE EDUCAÇÃO,ESPECIALIZAÇÃO,
PA,IRITUIA,MUNICIPAL,DIRETOR(A),ESPECIALIZAÇÃO,
PA,MARACANÃ,MUNICIPAL,TÉCNICO DA SECRETARIA DE EDUCAÇÃO,ESPECIALIZAÇÃO,
PA,MARACANÃ,MUNICIPAL,DIRETOR(A),ESPECIALIZAÇÃO,
PB,BERNARDINO BATISTA,MUNICIPAL,TÉCNICO DA SECRETARIA DE EDUCAÇÃO,SUPERIOR INCOMPLETO,
PB,BERNARDINO BATISTA,MUNICIPAL,DIRETOR(A),ESPECIALIZAÇÃO,
PB,MONTE HOREBE,MUNICIPAL,DIRETOR(A),SUPERIOR COMPLETO LICENCIATURA,
PB,MONTE HOREBE,MUNICIPAL,DIRETOR(A),ESPECIALIZAÇÃO,
PB,SANTA HELENA,MUNICIPAL,DIRETOR(A),SUPERIOR COMPLETO PEDAGOGIA,
PB,SANTA HELENA,MUNICIPAL,DIRETOR(A),SUPERIOR COMPLETO PEDAGOGIA,
PB,MARIZÓPOLIS,MUNICIPAL,TÉCNICO DA SECRETARIA DE EDUCAÇÃO,SUPERIOR COMPLETO (OUTRO),
PB,MARIZÓPOLIS,MUNICIPAL,TÉCNICO DA SECRETARIA DE EDUCAÇÃO,SUPERIOR INCOMPLETO,
PB,CASSERENGUE,MUNICIPAL,TÉCNICO DA SECRETARIA DE EDUCAÇÃO,ESPECIALIZAÇÃO,
PB,CASSERENGUE,MUNICIPAL,TÉCNICO DA SECRETARIA DE EDUCAÇÃO,SUPERIOR COMPLETO LICENCIATURA,
PB,MATINHAS,MUNICIPAL,DIRETOR(A),ESPECIALIZAÇÃO,
PB,MATINHAS,MUNICIPAL,DIRETOR(A),SUPERIOR COMPLETO LICENCIATURA,
PB,JUNCO DO SERIDÓ,MUNICIPAL,DIRETOR(A),ESPECIALIZAÇÃO,
PB,JUNCO DO SERIDÓ,MUNICIPAL,DIRETOR(A),ESPECIALIZAÇÃO,
PB,BOA VISTA,MUNICIPAL,DIRETOR(A),ESPECIALIZAÇÃO,
PB,BOA VISTA,MUNICIPAL,DIRETOR(A),ESPECIALIZAÇÃO,
PB,CAMALAÚ,MUNICIPAL,TÉCNICO DA SECRETARIA DE EDUCAÇÃO,ESPECIALIZAÇÃO,
PB,CAMALAÚ,MUNICIPAL,TÉCNICO DA SECRETARIA DE EDUCAÇÃO,ESPECIALIZAÇÃO,
PB,MONTADAS,MUNICIPAL,TÉCNICO DA SECRETARIA DE EDUCAÇÃO,SUPERIOR INCOMPLETO,
PB,MONTADAS,MUNICIPAL,DIRETOR(A),ESPECIALIZAÇÃO,
PE,TABIRA,MUNICIPAL,TÉCNICO DA SECRETARIA DE EDUCAÇÃO,ESPECIALIZAÇÃO,
PE,TABIRA,MUNICIPAL,TÉCNICO DA SECRETARIA DE EDUCAÇÃO,ESPECIALIZAÇÃO,
PE,TABIRA,MUNICIPAL,TÉCNICO DA SECRETARIA DE EDUCAÇÃO,ESPECIALIZAÇÃO,
PE,VICÊNCIA,MUNICIPAL,TÉCNICO DA SECRETARIA DE EDUCAÇÃO,ESPECIALIZAÇÃO,
PE,POMBOS,MUNICIPAL,DIRETOR(A),SUPERIOR COMPLETO PEDAGOGIA,
PE,MACAPARANA,MUNICIPAL,TÉCNICO DA SECRETARIA DE EDUCAÇÃO,ESPECIALIZAÇÃO,
PE,MACAPARANA,MUNICIPAL,DIRETOR(A),SUPERIOR COMPLETO LICENCIATURA,
PE,OROBÓ,MUNICIPAL,DIRETOR(A),ESPECIALIZAÇÃO,
PE,OROBÓ,MUNICIPAL,DIRETOR(A),ESPECIALIZAÇÃO,
PE,OROBÓ,MUNICIPAL,DIRETOR(A),ESPECIALIZAÇÃO,
PE,LAGOA DE ITAENGA,MUNICIPAL,TÉCNICO DA SECRETARIA DE EDUCAÇÃO,SUPERIOR COMPLETO PEDAGOGIA,
PE,LAGOA DE ITAENGA,MUNICIPAL,TÉCNICO DA SECRETARIA DE EDUCAÇÃO,SUPERIOR COMPLETO LICENCIATURA,
PE,SANHARÓ,MUNICIPAL,DIRETOR(A),ESPECIALIZAÇÃO,
PE,SANHARÓ,MUNICIPAL,TÉCNICO DA SECRETARIA DE EDUCAÇÃO,ESPECIALIZAÇÃO,
PE,SANHARÓ,MUNICIPAL,TÉCNICO DA SECRETARIA DE EDUCAÇÃO,ESPECIALIZAÇÃO,
PE,MANARI,MUNICIPAL,TÉCNICO DA SECRETARIA DE EDUCAÇÃO,SUPERIOR COMPLETO LICENCIATURA,
PE,MANARI,MUNICIPAL,DIRETOR(A),SUPERIOR COMPLETO LICENCIATURA,
PE,MANARI,MUNICIPAL,DIRETOR(A),SUPERIOR COMPLETO LICENCIATURA,
PE,MANARI,MUNICIPAL,DIRETOR(A),SUPERIOR COMPLETO LICENCIATURA,
PI,FRANCISCO SANTOS,MUNICIPAL,TÉCNICO DA SECRETARIA DE EDUCAÇÃO,ESPECIALIZAÇÃO,
PI,JOCA MARQUES,MUNICIPAL,DIRETOR(A),ESPECIALIZAÇÃO,
PI,BERTOLÍNIA,MUNICIPAL,TÉCNICO DA SECRETARIA DE EDUCAÇÃO,ESPECIALIZAÇÃO,
PI,CARIDADE DO PIAUÍ,MUNICIPAL,DIRETOR(A),SUPERIOR COMPLETO LICENCIATURA,
PI,CARIDADE DO PIAUÍ,MUNICIPAL,DIRETOR(A),SUPERIOR COMPLETO LICENCIATURA,
PI,DOM EXPEDITO LOPES,MUNICIPAL,DIRETOR(A),SUPERIOR COMPLETO LICENCIATURA,
PI,DOM EXPEDITO LOPES,MUNICIPAL,TÉCNICO DA SECRETARIA DE EDUCAÇÃO,SUPERIOR COMPLETO (OUTRO),
PI,BOQUEIRÃO DO PIAUÍ,MUNICIPAL,DIRETOR(A),ESPECIALIZAÇÃO,
PI,BOQUEIRÃO DO PIAUÍ,MUNICIPAL,TÉCNICO DA SECRETARIA DE EDUCAÇÃO,SUPERIOR COMPLETO (OUTRO),
PI,PATOS DO PIAUÍ,MUNICIPAL,TÉCNICO DA SECRETARIA DE EDUCAÇÃO,ESPECIALIZAÇÃO,
PI,PATOS DO PIAUÍ,MUNICIPAL,DIRETOR(A),ESPECIALIZAÇÃO,
PI,COCAL DE TELHA,MUNICIPAL,DIRETOR(A),SUPERIOR COMPLETO LICENCIATURA,
PI,COCAL DE TELHA,MUNICIPAL,TÉCNICO DA SECRETARIA DE EDUCAÇÃO,SUPERIOR COMPLETO LICENCIATURA,
PI,CAXINGÓ,MUNICIPAL,DIRETOR(A),ESPECIALIZAÇÃO,
PI,CAXINGÓ,MUNICIPAL,DIRETOR(A),SUPERIOR COMPLETO PEDAGOGIA,
PI,BELÉM DO PIAUÍ,MUNICIPAL,DIRETOR(A),ESPECIALIZAÇÃO,
PI,BELÉM DO PIAUÍ,MUNICIPAL,TÉCNICO DA SECRETARIA DE EDUCAÇÃO,ESPECIALIZAÇÃO,
PI,NAZARÉ DO PIAUÍ,MUNICIPAL,DIRETOR(A),SUPERIOR COMPLETO LICENCIATURA,
PI,NAZARÉ DO PIAUÍ,MUNICIPAL,TÉCNICO DA SECRETARIA DE EDUCAÇÃO,ESPECIALIZAÇÃO,
PR,TERRA RICA,MUNICIPAL,TÉCNICO DA SECRETARIA DE EDUCAÇÃO,ESPECIALIZAÇÃO,
PR,TERRA RICA,MUNICIPAL,DIRETOR(A),ESPECIALIZAÇÃO,
PR,CAPITÃO LEÔNIDAS MARQUES,MUNICIPAL,TÉCNICO DA SECRETARIA DE EDUCAÇÃO,ESPECIALIZAÇÃO,
PR,CAPITÃO LEÔNIDAS MARQUES,MUNICIPAL,DIRETOR(A),ESPECIALIZAÇÃO,
PR,MANOEL RIBAS,MUNICIPAL,TÉCNICO DA SECRETARIA DE EDUCAÇÃO,ESPECIALIZAÇÃO,
PR,MANOEL RIBAS,MUNICIPAL,DIRETOR(A),ESPECIALIZAÇÃO,
PR,PALMITAL,MUNICIPAL,DIRETOR(A),SUPERIOR COMPLETO LICENCIATURA,
PR,PALMITAL,MUNICIPAL,DIRETOR(A),SUPERIOR COMPLETO LICENCIATURA,
PR,CÂNDIDO DE ABREU,MUNICIPAL,TÉCNICO DA SECRETARIA DE EDUCAÇÃO,ESPECIALIZAÇÃO,
PR,CÂNDIDO DE ABREU,MUNICIPAL,DIRETOR(A),ESPECIALIZAÇÃO,
PR,REBOUÇAS,MUNICIPAL,DIRETOR(A),ESPECIALIZAÇÃO,
PR,REBOUÇAS,MUNICIPAL,DIRETOR(A),ESPECIALIZAÇÃO,
PR,PIÊN,MUNICIPAL,TÉCNICO DA SECRETARIA DE EDUCAÇÃO,ESPECIALIZAÇÃO,
PR,PIÊN,MUNICIPAL,DIRETOR(A),ESPECIALIZAÇÃO,
PR,IPIRANGA,MUNICIPAL,TÉCNICO DA SECRETARIA DE EDUCAÇÃO,ESPECIALIZAÇÃO,
PR,IPIRANGA,MUNICIPAL,DIRETOR(A),ESPECIALIZAÇÃO,
PR,MARMELEIRO,MUNICIPAL,DIRETOR(A),MESTRADO,
PR,MARMELEIRO,MUNICIPAL,DIRETOR(A),SUPERIOR COMPLETO LICENCIATURA,
PR,PARAÍSO DO NORTE,MUNICIPAL,TÉCNICO DA SECRETARIA DE EDUCAÇÃO,ESPECIALIZAÇÃO,
PR,PARAÍSO DO NORTE,MUNICIPAL,DIRETOR(A),ESPECIALIZAÇÃO,
RJ,PARAÍBA DO SUL,MUNICIPAL,TÉCNICO DA SECRETARIA DE EDUCAÇÃO,ESPECIALIZAÇÃO,
RJ,PARAÍBA DO SUL,MUNICIPAL,DIRETOR(A),ESPECIALIZAÇÃO,
RJ,PARAÍBA DO SUL,MUNICIPAL,TÉCNICO DA SECRETARIA DE EDUCAÇÃO,SUPERIOR COMPLETO LICENCIATURA,
RJ,PARAÍBA DO SUL,MUNICIPAL,DIRETOR(A),ESPECIALIZAÇÃO,
RJ,PARAÍBA DO SUL,MUNICIPAL,DIRETOR(A),ESPECIALIZAÇÃO,
RJ,PARAÍBA DO SUL,MUNICIPAL,DIRETOR(A),ESPECIALIZAÇÃO,
RJ,PARAÍBA DO SUL,MUNICIPAL,DIRETOR(A),ESPECIALIZAÇÃO,
RJ,PARAÍBA DO SUL,MUNICIPAL,DIRETOR(A),ESPECIALIZAÇÃO,
RJ,PATY DO ALFERES,MUNICIPAL,TÉCNICO DA SECRETARIA DE EDUCAÇÃO,ESPECIALIZAÇÃO,
RJ,PATY DO ALFERES,MUNICIPAL,TÉCNICO DA SECRETARIA DE EDUCAÇÃO,SUPERIOR COMPLETO LICENCIATURA,
RJ,PATY DO ALFERES,MUNICIPAL,TÉCNICO DA SECRETARIA DE EDUCAÇÃO,SUPERIOR COMPLETO LICENCIATURA,
RJ,PATY DO ALFERES,MUNICIPAL,DIRETOR(A),SUPERIOR COMPLETO LICENCIATURA,
RJ,PATY DO ALFERES,MUNICIPAL,DIRETOR(A),SUPERIOR COMPLETO LICENCIATURA,
RJ,PATY DO ALFERES,MUNICIPAL,DIRETOR(A),SUPERIOR COMPLETO (OUTRO),
RJ,PATY DO ALFERES,MUNICIPAL,DIRETOR(A),SUPERIOR INCOMPLETO,
RJ,CORDEIRO,MUNICIPAL,TÉCNICO DA SECRETARIA DE EDUCAÇÃO,ESPECIALIZAÇÃO,
RJ,CORDEIRO,MUNICIPAL,DIRETOR(A),ESPECIALIZAÇÃO,
RJ,BOM JARDIM,MUNICIPAL,TÉCNICO DA SECRETARIA DE EDUCAÇÃO,ESPECIALIZAÇÃO,
RJ,BOM JARDIM,MUNICIPAL,DIRETOR(A),ESPECIALIZAÇÃO,
RN,ESPÍRITO SANTO,MUNICIPAL,DIRETOR(A),ESPECIALIZAÇÃO,
RN,UMARIZAL,MUNICIPAL,DIRETOR(A),SUPERIOR COMPLETO LICENCIATURA,
RN,RIACHUELO,MUNICIPAL,TÉCNICO DA SECRETARIA DE EDUCAÇÃO,ESPECIALIZAÇÃO,
RN,RIACHUELO,MUNICIPAL,DIRETOR(A),ESPECIALIZAÇÃO,
RN,JARDIM DO SERIDÓ,MUNICIPAL,DIRETOR(A),ESPECIALIZAÇÃO,
RN,JARDIM DO SERIDÓ,MUNICIPAL,TÉCNICO DA SECRETARIA DE EDUCAÇÃO,ESPECIALIZAÇÃO,
RN,FLORÂNIA,MUNICIPAL,DIRETOR(A),SUPERIOR COMPLETO LICENCIATURA,
RN,FLORÂNIA,MUNICIPAL,TÉCNICO DA SECRETARIA DE EDUCAÇÃO,ESPECIALIZAÇÃO,
RN,JANUÁRIO CICCO,MUNICIPAL,DIRETOR(A),SUPERIOR COMPLETO LICENCIATURA,
RN,JANUÁRIO CICCO,MUNICIPAL,TÉCNICO DA SECRETARIA DE EDUCAÇÃO,ESPECIALIZAÇÃO,
RN,CAMPO GRANDE,MUNICIPAL,DIRETOR(A),SUPERIOR COMPLETO LICENCIATURA,
RN,CAMPO GRANDE,MUNICIPAL,TÉCNICO DA SECRETARIA DE EDUCAÇÃO,SUPERIOR COMPLETO (OUTRO),
RN,MARCELINO VIEIRA,MUNICIPAL,DIRETOR(A),SUPERIOR COMPLETO LICENCIATURA,
RN,MARCELINO VIEIRA,MUNICIPAL,DIRETOR(A),SUPERIOR COMPLETO LICENCIATURA,
RN,JAÇANÃ,MUNICIPAL,DIRETOR(A),ESPECIALIZAÇÃO,
RN,JAÇANÃ,MUNICIPAL,TÉCNICO DA SECRETARIA DE EDUCAÇÃO,SUPERIOR INCOMPLETO,
RN,CRUZETA,MUNICIPAL,DIRETOR(A),ESPECIALIZAÇÃO,
RN,CRUZETA,MUNICIPAL,TÉCNICO DA SECRETARIA DE EDUCAÇÃO,ESPECIALIZAÇÃO,
RN,SÃO RAFAEL,MUNICIPAL,TÉCNICO DA SECRETARIA DE EDUCAÇÃO,ESPECIALIZAÇÃO,
RO,CUJUBIM,MUNICIPAL,TÉCNICO DA SECRETARIA DE EDUCAÇÃO,ESPECIALIZAÇÃO,
RO,CEREJEIRAS,MUNICIPAL,DIRETOR(A),SUPERIOR COMPLETO PEDAGOGIA,
RO,ALTO PARAÍSO,MUNICIPAL,DIRETOR(A),MESTRADO,
RO,ALTO PARAÍSO,MUNICIPAL,TÉCNICO DA SECRETARIA DE EDUCAÇÃO,ESPECIALIZAÇÃO,
RO,SERINGUEIRAS,MUNICIPAL,DIRETOR(A),ESPECIALIZAÇÃO,
RO,SERINGUEIRAS,MUNICIPAL,DIRETOR(A),SUPERIOR COMPLETO LICENCIATURA,
RO,SERINGUEIRAS,MUNICIPAL,TÉCNICO DA SECRETARIA DE EDUCAÇÃO,ESPECIALIZAÇÃO,
RO,MIRANTE DA SERRA,MUNICIPAL,DIRETOR(A),ESPECIALIZAÇÃO,
RO,MIRANTE DA SERRA,MUNICIPAL,TÉCNICO DA SECRETARIA DE EDUCAÇÃO,MÉDIO COMPLETO,
RO,GOVERNADOR JORGE TEIXEIRA,MUNICIPAL,DIRETOR(A),SUPERIOR COMPLETO LICENCIATURA,
RO,GOVERNADOR JORGE TEIXEIRA,MUNICIPAL,DIRETOR(A),ESPECIALIZAÇÃO,
RO,GOVERNADOR JORGE TEIXEIRA,MUNICIPAL,TÉCNICO DA SECRETARIA DE EDUCAÇÃO,ESPECIALIZAÇÃO,
RO,GOVERNADOR JORGE TEIXEIRA,MUNICIPAL,DIRETOR(A),SUPERIOR COMPLETO LICENCIATURA,
RO,GOVERNADOR JORGE TEIXEIRA,MUNICIPAL,DIRETOR(A),SUPERIOR COMPLETO PEDAGOGIA,
RO,CORUMBIARA,MUNICIPAL,DIRETOR(A),SUPERIOR COMPLETO LICENCIATURA,
RO,SANTA LUZIA D'OESTE,MUNICIPAL,DIRETOR(A),ESPECIALIZAÇÃO,
RO,SANTA LUZIA D'OESTE,MUNICIPAL,TÉCNICO DA SECRETARIA DE EDUCAÇÃO,ESPECIALIZAÇÃO,
RO,SÃO FELIPE D'OESTE,MUNICIPAL,DIRETOR(A),SUPERIOR COMPLETO PEDAGOGIA,
RO,SÃO FELIPE D'OESTE,MUNICIPAL,TÉCNICO DA SECRETARIA DE EDUCAÇÃO,MÉDIO COMPLETO,
RR,ALTO ALEGRE,MUNICIPAL,DIRETOR(A),ESPECIALIZAÇÃO,
RR,ALTO ALEGRE,MUNICIPAL,TÉCNICO DA SECRETARIA DE EDUCAÇÃO,MESTRADO,
RS,ENCRUZILHADA DO SUL,MUNICIPAL,DIRETOR(A),ESPECIALIZAÇÃO,
RS,ENCRUZILHADA DO SUL,MUNICIPAL,TÉCNICO DA SECRETARIA DE EDUCAÇÃO,ESPECIALIZAÇÃO,
RS,SÃO JERÔNIMO,MUNICIPAL,DIRETOR(A),SUPERIOR COMPLETO LICENCIATURA,
RS,SÃO JERÔNIMO,MUNICIPAL,TÉCNICO DA SECRETARIA DE EDUCAÇÃO,SUPERIOR COMPLETO LICENCIATURA,
RS,HORIZONTINA,MUNICIPAL,TÉCNICO DA SECRETARIA DE EDUCAÇÃO,ESPECIALIZAÇÃO,
RS,HORIZONTINA,MUNICIPAL,TÉCNICO DA SECRETARIA DE EDUCAÇÃO,ESPECIALIZAÇÃO,
RS,GETÚLIO VARGAS,MUNICIPAL,TÉCNICO DA SECRETARIA DE EDUCAÇÃO,ESPECIALIZAÇÃO,
RS,GETÚLIO VARGAS,MUNICIPAL,DIRETOR(A),SUPERIOR COMPLETO PEDAGOGIA,
RS,NONOAI,MUNICIPAL,DIRETOR(A),ESPECIALIZAÇÃO,
RS,NONOAI,MUNICIPAL,TÉCNICO DA SECRETARIA DE EDUCAÇÃO,ESPECIALIZAÇÃO,
RS,FELIZ,MUNICIPAL,DIRETOR(A),ESPECIALIZAÇÃO,
RS,FELIZ,MUNICIPAL,TÉCNICO DA SECRETARIA DE EDUCAÇÃO,ESPECIALIZAÇÃO,
RS,PIRATINI,MUNICIPAL,TÉCNICO DA SECRETARIA DE EDUCAÇÃO,SUPERIOR COMPLETO (OUTRO),
RS,PIRATINI,MUNICIPAL,DIRETOR(A),SUPERIOR COMPLETO PEDAGOGIA,
RS,SANANDUVA,MUNICIPAL,TÉCNICO DA SECRETARIA DE EDUCAÇÃO,MESTRADO,
RS,SANANDUVA,MUNICIPAL,TÉCNICO DA SECRETARIA DE EDUCAÇÃO,ESPECIALIZAÇÃO,
RS,SÃO FRANCISCO DE ASSIS,MUNICIPAL,TÉCNICO DA SECRETARIA DE EDUCAÇÃO,MESTRADO,
RS,SÃO VICENTE DO SUL,MUNICIPAL,DIRETOR(A),ESPECIALIZAÇÃO,
RS,SÃO VICENTE DO SUL,MUNICIPAL,DIRETOR(A),ESPECIALIZAÇÃO,
SC,APIÚNA,MUNICIPAL,TÉCNICO DA SECRETARIA DE EDUCAÇÃO,SUPERIOR COMPLETO PEDAGOGIA,
SC,APIÚNA,MUNICIPAL,DIRETOR(A),SUPERIOR COMPLETO LICENCIATURA,
SC,IMARUÍ,MUNICIPAL,TÉCNICO DA SECRETARIA DE EDUCAÇÃO,ESPECIALIZAÇÃO,
SC,SAUDADES,MUNICIPAL,TÉCNICO DA SECRETARIA DE EDUCAÇÃO,ESPECIALIZAÇÃO,
SC,SAUDADES,MUNICIPAL,DIRETOR(A),ESPECIALIZAÇÃO,
SC,CUNHA PORÃ,MUNICIPAL,DIRETOR(A),ESPECIALIZAÇÃO,
SC,CUNHA PORÃ,MUNICIPAL,DIRETOR(A),ESPECIALIZAÇÃO,
SC,BOM RETIRO,MUNICIPAL,DIRETOR(A),ESPECIALIZAÇÃO,
SC,BOM RETIRO,MUNICIPAL,DIRETOR(A),ESPECIALIZAÇÃO,
SC,ALFREDO WAGNER,MUNICIPAL,DIRETOR(A),ESPECIALIZAÇÃO,
SC,ALFREDO WAGNER,MUNICIPAL,TÉCNICO DA SECRETARIA DE EDUCAÇÃO,ESPECIALIZAÇÃO,
SC,ARMAZÉM,MUNICIPAL,TÉCNICO DA SECRETARIA DE EDUCAÇÃO,ESPECIALIZAÇÃO,
SC,ARMAZÉM,MUNICIPAL,TÉCNICO DA SECRETARIA DE EDUCAÇÃO,ESPECIALIZAÇÃO,
SC,IPUAÇU,MUNICIPAL,DIRETOR(A),ESPECIALIZAÇÃO,
SC,IPUAÇU,MUNICIPAL,DIRETOR(A),SUPERIOR COMPLETO LICENCIATURA,
SC,IPORÃ DO OESTE,MUNICIPAL,DIRETOR(A),MESTRADO,
SC,IPORÃ DO OESTE,MUNICIPAL,DIRETOR(A),ESPECIALIZAÇÃO,
SC,SÃO JOÃO DO SUL,MUNICIPAL,TÉCNICO DA SECRETARIA DE EDUCAÇÃO,MESTRADO,
SC,SÃO JOÃO DO SUL,MUNICIPAL,DIRETOR(A),ESPECIALIZAÇÃO,
SC,TIMBÓ GRANDE,MUNICIPAL,DIRETOR(A),ESPECIALIZAÇÃO,
SC,TIMBÓ GRANDE,MUNICIPAL,DIRETOR(A),ESPECIALIZAÇÃO,
SE,SANTA LUZIA DO ITANHY,MUNICIPAL,DIRETOR(A),ESPECIALIZAÇÃO,
SE,SANTA LUZIA DO ITANHY,MUNICIPAL,DIRETOR(A),ESPECIALIZAÇÃO,
SE,SANTA LUZIA DO ITANHY,MUNICIPAL,DIRETOR(A),ESPECIALIZAÇÃO,
SE,RIBEIRÓPOLIS,MUNICIPAL,TÉCNICO DA SECRETARIA DE EDUCAÇÃO,SUPERIOR COMPLETO PEDAGOGIA,
SE,RIBEIRÓPOLIS,MUNICIPAL,DIRETOR(A),SUPERIOR COMPLETO PEDAGOGIA,
SE,PEDRINHAS,MUNICIPAL,DIRETOR(A),ESPECIALIZAÇÃO,
SE,MOITA BONITA,MUNICIPAL,DIRETOR(A),ESPECIALIZAÇÃO,
SE,MOITA BONITA,MUNICIPAL,DIRETOR(A),SUPERIOR COMPLETO LICENCIATURA,
SE,PIRAMBU,MUNICIPAL,DIRETOR(A),SUPERIOR COMPLETO PEDAGOGIA,
SP,PIEDADE,MUNICIPAL,DIRETOR(A),ESPECIALIZAÇÃO,
SP,PIEDADE,MUNICIPAL,DIRETOR(A),SUPERIOR COMPLETO LICENCIATURA,
SP,DRACENA,MUNICIPAL,TÉCNICO DA SECRETARIA DE EDUCAÇÃO,ESPECIALIZAÇÃO,
SP,DRACENA,MUNICIPAL,DIRETOR(A),ESPECIALIZAÇÃO,
SP,TIETÊ,MUNICIPAL,DIRETOR(A),ESPECIALIZAÇÃO,
SP,TIETÊ,MUNICIPAL,DIRETOR(A),ESPECIALIZAÇÃO,
SP,AMÉRICO BRASILIENSE,MUNICIPAL,DIRETOR(A),SUPERIOR COMPLETO PEDAGOGIA,
SP,AMÉRICO BRASILIENSE,MUNICIPAL,DIRETOR(A),SUPERIOR COMPLETO LICENCIATURA,
SP,GUAÍRA,MUNICIPAL,TÉCNICO DA SECRETARIA DE EDUCAÇÃO,ESPECIALIZAÇÃO,
SP,GUAÍRA,MUNICIPAL,DIRETOR(A),ESPECIALIZAÇÃO,
SP,IBATÉ,MUNICIPAL,TÉCNICO DA SECRETARIA DE EDUCAÇÃO,ESPECIALIZAÇÃO,
SP,IBATÉ,MUNICIPAL,DIRETOR(A),ESPECIALIZAÇÃO,
SP,IPERÓ,MUNICIPAL,TÉCNICO DA SECRETARIA DE EDUCAÇÃO,SUPERIOR COMPLETO LICENCIATURA,
SP,IPERÓ,MUNICIPAL,TÉCNICO DA SECRETARIA DE EDUCAÇÃO,SUPERIOR COMPLETO LICENCIATURA,
SP,ITÁPOLIS,MUNICIPAL,DIRETOR(A),ESPECIALIZAÇÃO,
SP,ITÁPOLIS,MUNICIPAL,DIRETOR(A),MESTRADO,
SP,PITANGUEIRAS,MUNICIPAL,TÉCNICO DA SECRETARIA DE EDUCAÇÃO,SUPERIOR COMPLETO (OUTRO),
SP,PITANGUEIRAS,MUNICIPAL,DIRETOR(A),SUPERIOR COMPLETO PEDAGOGIA,
SP,AGUAÍ,MUNICIPAL,DIRETOR(A),SUPERIOR COMPLETO PEDAGOGIA,
SP,AGUAÍ,MUNICIPAL,DIRETOR(A),SUPERIOR COMPLETO PEDAGOGIA,
TO,ALIANÇA DO TOCANTINS,MUNICIPAL,DIRETOR(A),SUPERIOR COMPLETO PEDAGOGIA,
TO,PALMEIRAS DO TOCANTINS,MUNICIPAL,DIRETOR(A),SUPERIOR COMPLETO LICENCIATURA,
TO,PALMEIRAS DO TOCANTINS,MUNICIPAL,DIRETOR(A),SUPERIOR COMPLETO LICENCIATURA,
TO,PALMEIRAS DO TOCANTINS,MUNICIPAL,DIRETOR(A),SUPERIOR COMPLETO LICENCIATURA,
TO,RIO SONO,MUNICIPAL,DIRETOR(A),SUPERIOR COMPLETO LICENCIATURA,
TO,RIO SONO,MUNICIPAL,TÉCNICO DA SECRETARIA DE EDUCAÇÃO,SUPERIOR INCOMPLETO,
TO,PEQUIZEIRO,MUNICIPAL,DIRETOR(A),ESPECIALIZAÇÃO,
TO,PEQUIZEIRO,MUNICIPAL,TÉCNICO DA SECRETARIA DE EDUCAÇÃO,ESPECIALIZAÇÃO,
TO,PEQUIZEIRO,MUNICIPAL,TÉCNICO DA SECRETARIA DE EDUCAÇÃO,ESPECIALIZAÇÃO,
TO,BERNARDO SAYÃO,MUNICIPAL,DIRETOR(A),SUPERIOR COMPLETO PEDAGOGIA,
TO,LAGOA DO TOCANTINS,MUNICIPAL,TÉCNICO DA SECRETARIA DE EDUCAÇÃO,SUPERIOR COMPLETO LICENCIATURA,
TO,NOVO ACORDO,MUNICIPAL,DIRETOR(A),SUPERIOR COMPLETO LICENCIATURA,
TO,NOVO ACORDO,MUNICIPAL,TÉCNICO DA SECRETARIA DE EDUCAÇÃO,ESPECIALIZAÇÃO,
TO,NOVO ACORDO,MUNICIPAL,DIRETOR(A),ESPECIALIZAÇÃO,
TO,BREJINHO DE NAZARÉ,MUNICIPAL,DIRETOR(A),SUPERIOR COMPLETO LICENCIATURA,
TO,PINDORAMA DO TOCANTINS,MUNICIPAL,DIRETOR(A),ESPECIALIZAÇÃO,
TO,PINDORAMA DO TOCANTINS,MUNICIPAL,TÉCNICO DA SECRETARIA DE EDUCAÇÃO,ESPECIALIZAÇÃO,
TO,SÃO SEBASTIÃO DO TOCANTINS,MUNICIPAL,TÉCNICO DA SECRETARIA DE EDUCAÇÃO,ESPECIALIZAÇÃO,
TO,SÃO SEBASTIÃO DO TOCANTINS,MUNICIPAL,DIRETOR(A),ESPECIALIZAÇÃO,
TO,SÃO SEBASTIÃO DO TOCANTINS,MUNICIPAL,DIRETOR(A),ESPECIALIZAÇÃO,
SP,CASTILHO,MUNICIPAL,DIRETOR(A),ESPECIALIZAÇÃO,
SP,CASTILHO,MUNICIPAL,TÉCNICO DA SECRETARIA DE EDUCAÇÃO,ESPECIALIZAÇÃO,
AP,AMAPÁ,ESTADUAL,DIRETOR(A),SUPERIOR COMPLETO LICENCIATURA,
AP,AMAPÁ,ESTADUAL,DIRETOR(A),SUPERIOR COMPLETO LICENCIATURA,
AP,AMAPÁ,ESTADUAL,DIRETOR(A),SUPERIOR COMPLETO (OUTRO),
AP,AMAPÁ,ESTADUAL,DIRETOR(A),MESTRADO,
AP,AMAPÁ,ESTADUAL,DIRETOR(A),SUPERIOR COMPLETO PEDAGOGIA,
AP,AMAPÁ,ESTADUAL,DIRETOR(A),SUPERIOR COMPLETO PEDAGOGIA,
AP,AMAPÁ,ESTADUAL,DIRETOR(A),SUPERIOR COMPLETO (OUTRO),
AP,AMAPÁ,ESTADUAL,DIRETOR(A),SUPERIOR COMPLETO LICENCIATURA,
AP,AMAPÁ,ESTADUAL,DIRETOR(A),SUPERIOR COMPLETO (OUTRO),
AP,AMAPÁ,ESTADUAL,DIRETOR(A),SUPERIOR COMPLETO PEDAGOGIA,
AP,AMAPÁ,ESTADUAL,TÉCNICO DA SECRETARIA DE EDUCAÇÃO,SUPERIOR COMPLETO (OUTRO),
AP,AMAPÁ,ESTADUAL,DIRETOR(A),SUPERIOR COMPLETO PEDAGOGIA,
AP,AMAPÁ,ESTADUAL,DIRETOR(A),SUPERIOR COMPLETO (OUTRO),
AP,AMAPÁ,ESTADUAL,DIRETOR(A),SUPERIOR COMPLETO (OUTRO),
AP,AMAPÁ,ESTADUAL,DIRETOR(A),SUPERIOR COMPLETO PEDAGOGIA,
AP,AMAPÁ,ESTADUAL,DIRETOR(A),SUPERIOR COMPLETO PEDAGOGIA,
AP,AMAPÁ,ESTADUAL,TÉCNICO DA SECRETARIA DE EDUCAÇÃO,SUPERIOR COMPLETO (OUTRO),
AC,ACRE,ESTADUAL,DIRETOR(A),ESPECIALIZAÇÃO,
AC,ACRE,ESTADUAL,DIRETOR(A),SUPERIOR COMPLETO LICENCIATURA,
BA,BAHIA,ESTADUAL,DIRETOR(A),SUPERIOR COMPLETO LICENCIATURA,
BA,BAHIA,ESTADUAL,TÉCNICO DA SECRETARIA DE EDUCAÇÃO,MESTRADO,
DF,DISTRITO FEDERAL,ESTADUAL,DIRETOR(A),DOUTORADO,
DF,DISTRITO FEDERAL,ESTADUAL,DIRETOR(A),SUPERIOR COMPLETO (OUTRO),
